{
    "loss": 4.695401191711426,
    "accuracy": 0.5086206793785095
}